{"cameraMode":{"drawMode":0,"name":"Shaded","section":"Shading Mode"},"sceneLighting":true,"audioPlay":false,"sceneViewState":{"showFog":true,"showMaterialUpdate":true,"showSkybox":true,"showFlares":true,"showImageEffects":true,"showParticleSystems":true},"in2DMode":false,"pivot":{"x":-11.90864086151123,"y":10.253558158874512,"z":24.554006576538087},"rotation":{"x":-0.13599643111228944,"y":-0.8637910485267639,"z":0.33255305886268618,"w":-0.35324010252952578},"size":4.524869441986084,"orthographic":false}