{"cameraMode":{"drawMode":0,"name":"Shaded","section":"Shading Mode"},"sceneLighting":true,"audioPlay":false,"sceneViewState":{"showFog":true,"showMaterialUpdate":true,"showSkybox":true,"showFlares":true,"showImageEffects":true,"showParticleSystems":true},"in2DMode":false,"pivot":{"x":158.6774139404297,"y":452.38751220703127,"z":-50.96955871582031},"rotation":{"x":-0.12691250443458558,"y":-0.06156117096543312,"z":0.007890664041042328,"w":-0.989970326423645},"size":268.6005554199219,"orthographic":false}