{"cameraMode":{"drawMode":0,"name":"Shaded","section":"Shading Mode"},"sceneLighting":true,"audioPlay":false,"sceneViewState":{"showFog":true,"showMaterialUpdate":true,"showSkybox":true,"showFlares":true,"showImageEffects":true,"showParticleSystems":true},"in2DMode":false,"pivot":{"x":1.3540589809417725,"y":13.322454452514649,"z":-2.634127140045166},"rotation":{"x":-0.6805030107498169,"y":-0.020436597988009454,"z":0.018992889672517778,"w":-0.7322139739990234},"size":13.300002098083496,"orthographic":false}